{"cameraMode":{"drawMode":0,"name":"Shaded","section":"Shading Mode"},"sceneLighting":false,"audioPlay":false,"sceneViewState":{"showFog":true,"showMaterialUpdate":true,"showSkybox":false,"showFlares":true,"showImageEffects":true,"showParticleSystems":true},"in2DMode":false,"pivot":{"x":1665.02880859375,"y":1025.48779296875,"z":22.9566650390625},"rotation":{"x":-0.01380955521017313,"y":0.0020968022290617229,"z":-0.000029001233997405507,"w":-0.9999024868011475},"size":1707.3115234375,"orthographic":false}