{"cameraMode":{"drawMode":0,"name":"Shaded","section":"Shading Mode"},"sceneLighting":true,"audioPlay":false,"sceneViewState":{"showFog":true,"showMaterialUpdate":true,"showSkybox":true,"showFlares":true,"showImageEffects":true,"showParticleSystems":true},"in2DMode":false,"pivot":{"x":944.1353149414063,"y":219.2737274169922,"z":58.623291015625},"rotation":{"x":-0.004810632206499577,"y":0.00809672474861145,"z":-0.00003883207682520151,"w":-0.9999556541442871},"size":2643.904052734375,"orthographic":false}