{"cameraMode":{"drawMode":0,"name":"Shaded","section":"Shading Mode"},"sceneLighting":false,"audioPlay":false,"sceneViewState":{"showFog":true,"showMaterialUpdate":true,"showSkybox":false,"showFlares":true,"showImageEffects":true,"showParticleSystems":true},"in2DMode":false,"pivot":{"x":973.3678588867188,"y":581.0540771484375,"z":-18.86517333984375},"rotation":{"x":-0.013809594325721264,"y":-0.0009028915083035827,"z":0.000012428262380126398,"w":-0.9999042749404907},"size":1246.5269775390625,"orthographic":false}