{"cameraMode":{"drawMode":0,"name":"Shaded","section":"Shading Mode"},"sceneLighting":false,"audioPlay":false,"sceneViewState":{"showFog":true,"showMaterialUpdate":true,"showSkybox":false,"showFlares":true,"showImageEffects":true,"showParticleSystems":true},"in2DMode":false,"pivot":{"x":675.1097412109375,"y":363.12646484375,"z":-2.167236328125},"rotation":{"x":-0.01380955521017313,"y":0.0020968022290617229,"z":-0.000029001233997405507,"w":-0.9999024868011475},"size":1219.7886962890625,"orthographic":false}