{"cameraMode":{"drawMode":0,"name":"Shaded","section":"Shading Mode"},"sceneLighting":false,"audioPlay":false,"sceneViewState":{"showFog":true,"showMaterialUpdate":true,"showSkybox":false,"showFlares":true,"showImageEffects":true,"showParticleSystems":true},"in2DMode":false,"pivot":{"x":632.985107421875,"y":459.437255859375,"z":-91.44171142578125},"rotation":{"x":-0.013809594325721264,"y":-0.0009028915083035827,"z":0.000012428262380126398,"w":-0.9999042749404907},"size":477.3943176269531,"orthographic":false}