{"cameraMode":{"drawMode":0,"name":"Shaded","section":"Shading Mode"},"sceneLighting":true,"audioPlay":false,"sceneViewState":{"showFog":true,"showMaterialUpdate":true,"showSkybox":true,"showFlares":true,"showImageEffects":true,"showParticleSystems":true},"in2DMode":false,"pivot":{"x":651.7312622070313,"y":412.989990234375,"z":-158.1160888671875},"rotation":{"x":-0.0317138247191906,"y":0.07548681646585465,"z":-0.0024020907003432514,"w":-0.9966395497322083},"size":1162.86376953125,"orthographic":false}