{"cameraMode":{"drawMode":0,"name":"Shaded","section":"Shading Mode"},"sceneLighting":true,"audioPlay":false,"sceneViewState":{"showFog":true,"showMaterialUpdate":true,"showSkybox":true,"showFlares":true,"showImageEffects":true,"showParticleSystems":true},"in2DMode":false,"pivot":{"x":1075.2281494140625,"y":168.255126953125,"z":-41.723388671875},"rotation":{"x":-0.1185312271118164,"y":0.0020821355283260347,"z":-0.00024843006394803524,"w":-0.9929481148719788},"size":3929.092529296875,"orthographic":false}