{"cameraMode":{"drawMode":0,"name":"Shaded","section":"Shading Mode"},"sceneLighting":false,"audioPlay":false,"sceneViewState":{"showFog":true,"showMaterialUpdate":true,"showSkybox":false,"showFlares":true,"showImageEffects":true,"showParticleSystems":true},"in2DMode":false,"pivot":{"x":535.9022827148438,"y":287.91357421875,"z":-12.0789794921875},"rotation":{"x":-0.01380955521017313,"y":0.0020968022290617229,"z":-0.000029001233997405507,"w":-0.9999024868011475},"size":941.59716796875,"orthographic":false}