{"cameraMode":{"drawMode":0,"name":"Shaded","section":"Shading Mode"},"sceneLighting":false,"audioPlay":false,"sceneViewState":{"showFog":true,"showMaterialUpdate":true,"showSkybox":false,"showFlares":true,"showImageEffects":true,"showParticleSystems":true},"in2DMode":false,"pivot":{"x":834.4229736328125,"y":567.8519287109375,"z":6.825927734375},"rotation":{"x":-0.01380955521017313,"y":0.0020968022290617229,"z":-0.000029001233997405507,"w":-0.9999024868011475},"size":1331.92822265625,"orthographic":false}