{"cameraMode":{"drawMode":0,"name":"Shaded","section":"Shading Mode"},"sceneLighting":false,"audioPlay":false,"sceneViewState":{"showFog":true,"showMaterialUpdate":true,"showSkybox":false,"showFlares":true,"showImageEffects":true,"showParticleSystems":true},"in2DMode":false,"pivot":{"x":172.06053161621095,"y":920.3609619140625,"z":26.150634765625},"rotation":{"x":-0.01380955521017313,"y":0.0020968022290617229,"z":-0.000029001233997405507,"w":-0.9999024868011475},"size":2861.7421875,"orthographic":false}